Name,Description,Lat,Lon
Chuquicamata mine,Copper,-22.28741,-68.90165
Salar de Uyuni,Lithium,-20.54631,-67.38508
Fort McMurray,Oil sands,57.30994,-111.50711
Bingham Mine,Copper,40.5318461,-112.1722699
Mirny Mine,Diamond,62.5298961,113.9854433
Grasberg Mine,"Gold, Copper",-4.0547045,137.0934003
Oyu Tolgoi Mine,Copper,43.0076026,106.8326248
Barrick Goldstrike mine,Gold,40.9804156,-116.3826127
Yanacocha Mine,Gold,-6.977294,-78.5069723
Caraj√†s Mine,"Iron, gold",-6.0512899,-50.1999383
Orapa Mine,Diamond,-21.3067582,25.3610827
Kalgoorlie-Boulder mine,Gold,-30.7737961,121.4831918
Diavik Mine,Diamond,64.4969802,-110.2452846
Escondida Mine,Copper,-24.2739112,-69.0829385
Udachnanya Mine,Diamond,66.43516189021821,112.3159596742447
Highland Valley Mine,Copper,50.4861832,-121.0448943
Burgan Field,Oil,29.0227842,47.9223911
Arlit Mine,Uranium,18.7432004,7.3096257
McArthur River Mine,Uranium,57.7624849,-105.0542625
McClean Mine,Uranium,58.2656737,-103.8210542